{
  "config": {
    "cost_bps": 1.0,
    "max_gross_exposure": 1.0,
    "max_single_position": 0.3,
    "momentum_window": 20,
    "periods_per_year": 252,
    "slippage_bps": 1.0,
    "target_annual_volatility": 0.12,
    "top_n": 3,
    "volatility_window": 20
  },
  "daily_returns": [
    -0.0,
    -0.0,
    -0.0,
    -0.0,
    -0.0,
    -0.0,
    -0.0,
    -0.0,
    -0.0,
    -0.0,
    -0.0,
    -0.0,
    -0.0,
    -0.0,
    -0.0,
    -0.0,
    -0.0,
    -0.0,
    -0.0,
    -0.0,
    0.0014596190016879862,
    0.0016366314675247294,
    0.0016336548220734048,
    0.0016306890057975032,
    0.0016277339595938355,
    0.0016247896247896022,
    0.0016218559431383948,
    0.0016189328568158691,
    0.0016160203084166767,
    0.0016131182409495405,
    0.0016102265978345854,
    0.0016073453228991452,
    0.0016044743603742307,
    0.0016016136548909986,
    0.0015987631514765563,
    0.0015959227955510968,
    0.001593092532924367,
    0.001590272309791607,
    0.0015874620727310829,
    0.0015846617686993579,
    0.0015818713450292288,
    0.0015790907494257268,
    0.0015763199299626551,
    0.0015735588350803908,
    0.0015708074135808879,
    0.001568065614626146,
    0.001565333387734413,
    0.0015626106827767217,
    0.0015598974499745565,
    0.0015571936398960594,
    0.0015544992034534299,
    0.0015518140918999944,
    0.0015491382568266765,
    0.0015464716501601304,
    0.001543814224158546,
    0.0015411659314098491,
    0.001538526724828171,
    0.001535896557651517,
    0.0015332753834387035,
    0.001530663156066625,
    0.0015280598297274571,
    0.0015254653589263257,
    0.0015228796984783077,
    0.0015203028035061681
  ],
  "equity_curve": [
    1.0,
    1.0,
    1.0,
    1.0,
    1.0,
    1.0,
    1.0,
    1.0,
    1.0,
    1.0,
    1.0,
    1.0,
    1.0,
    1.0,
    1.0,
    1.0,
    1.0,
    1.0,
    1.0,
    1.0,
    1.001459619001688,
    1.0030986393276013,
    1.0047373562567543,
    1.0063757704173162,
    1.008013882434937,
    1.0096516929327612,
    1.0112892025314442,
    1.0129264118491654,
    1.0145633215016452,
    1.016199932102158,
    1.0178362442615465,
    1.0194722585882374,
    1.021107975688255,
    1.0227433961652355,
    1.0243785206204403,
    1.0260133496527715,
    1.0276478838587841,
    1.0292821238327008,
    1.0309160701664253,
    1.032549723449556,
    1.0341830842693986,
    1.035816153210981,
    1.0374489308570647,
    1.0390814177881595,
    1.0407136145825353,
    1.0423455218162354,
    1.0439771400630897,
    1.045608469894727,
    1.0472395118805877,
    1.0488702665879361,
    1.050500734581873,
    1.0521309164253485,
    1.053760812679173,
    1.055390423902031,
    1.057019750650492,
    1.0586487934790219,
    1.0602775529399966,
    1.0619060295837124,
    1.0635342239583983,
    1.0651621366102273,
    1.066789768083328,
    1.0684171189197962,
    1.0700441896597057,
    1.071670980841121
  ],
  "metadata": {
    "columns": [
      "close",
      "high",
      "low",
      "open",
      "symbol",
      "timestamp",
      "volume"
    ],
    "dataset_hash": "095abc0e879f945fef259aa0a7007a4902440878e6176ad2c79675565793cfb6",
    "dataset_path": "data/raw/etfs.csv",
    "end": "2024-03-29",
    "row_count": 650,
    "schema_version": 1,
    "source": "data/raw/etfs.csv",
    "start": "2024-01-01",
    "symbols": [
      "GLD",
      "IWM",
      "QQQ",
      "SPY",
      "TLT",
      "XLE",
      "XLF",
      "XLI",
      "XLK",
      "XLV"
    ]
  },
  "metrics": {
    "average_exposure": 0.6187499999999999,
    "cagr": 0.3133093660947808,
    "cumulative_return": 0.07167098084112089,
    "estimated_costs": 0.00017999999999999998,
    "max_drawdown": 0.0,
    "sharpe": 23.339037487328447,
    "sortino": 0.0,
    "trade_count": 3.0,
    "turnover": 0.8999999999999999
  },
  "positions": [
    {
      "exposure": 0,
      "timestamp": "2024-01-02",
      "weights": {}
    },
    {
      "exposure": 0,
      "timestamp": "2024-01-03",
      "weights": {}
    },
    {
      "exposure": 0,
      "timestamp": "2024-01-04",
      "weights": {}
    },
    {
      "exposure": 0,
      "timestamp": "2024-01-05",
      "weights": {}
    },
    {
      "exposure": 0,
      "timestamp": "2024-01-08",
      "weights": {}
    },
    {
      "exposure": 0,
      "timestamp": "2024-01-09",
      "weights": {}
    },
    {
      "exposure": 0,
      "timestamp": "2024-01-10",
      "weights": {}
    },
    {
      "exposure": 0,
      "timestamp": "2024-01-11",
      "weights": {}
    },
    {
      "exposure": 0,
      "timestamp": "2024-01-12",
      "weights": {}
    },
    {
      "exposure": 0,
      "timestamp": "2024-01-15",
      "weights": {}
    },
    {
      "exposure": 0,
      "timestamp": "2024-01-16",
      "weights": {}
    },
    {
      "exposure": 0,
      "timestamp": "2024-01-17",
      "weights": {}
    },
    {
      "exposure": 0,
      "timestamp": "2024-01-18",
      "weights": {}
    },
    {
      "exposure": 0,
      "timestamp": "2024-01-19",
      "weights": {}
    },
    {
      "exposure": 0,
      "timestamp": "2024-01-22",
      "weights": {}
    },
    {
      "exposure": 0,
      "timestamp": "2024-01-23",
      "weights": {}
    },
    {
      "exposure": 0,
      "timestamp": "2024-01-24",
      "weights": {}
    },
    {
      "exposure": 0,
      "timestamp": "2024-01-25",
      "weights": {}
    },
    {
      "exposure": 0,
      "timestamp": "2024-01-26",
      "weights": {}
    },
    {
      "exposure": 0,
      "timestamp": "2024-01-29",
      "weights": {}
    },
    {
      "exposure": 0.8999999999999999,
      "timestamp": "2024-01-30",
      "weights": {
        "GLD": 0.3,
        "IWM": 0.3,
        "SPY": 0.3
      }
    },
    {
      "exposure": 0.8999999999999999,
      "timestamp": "2024-01-31",
      "weights": {
        "GLD": 0.3,
        "IWM": 0.3,
        "SPY": 0.3
      }
    },
    {
      "exposure": 0.8999999999999999,
      "timestamp": "2024-02-01",
      "weights": {
        "GLD": 0.3,
        "IWM": 0.3,
        "SPY": 0.3
      }
    },
    {
      "exposure": 0.8999999999999999,
      "timestamp": "2024-02-02",
      "weights": {
        "GLD": 0.3,
        "IWM": 0.3,
        "SPY": 0.3
      }
    },
    {
      "exposure": 0.8999999999999999,
      "timestamp": "2024-02-05",
      "weights": {
        "GLD": 0.3,
        "IWM": 0.3,
        "SPY": 0.3
      }
    },
    {
      "exposure": 0.8999999999999999,
      "timestamp": "2024-02-06",
      "weights": {
        "GLD": 0.3,
        "IWM": 0.3,
        "SPY": 0.3
      }
    },
    {
      "exposure": 0.8999999999999999,
      "timestamp": "2024-02-07",
      "weights": {
        "GLD": 0.3,
        "IWM": 0.3,
        "SPY": 0.3
      }
    },
    {
      "exposure": 0.8999999999999999,
      "timestamp": "2024-02-08",
      "weights": {
        "GLD": 0.3,
        "IWM": 0.3,
        "SPY": 0.3
      }
    },
    {
      "exposure": 0.8999999999999999,
      "timestamp": "2024-02-09",
      "weights": {
        "GLD": 0.3,
        "IWM": 0.3,
        "SPY": 0.3
      }
    },
    {
      "exposure": 0.8999999999999999,
      "timestamp": "2024-02-12",
      "weights": {
        "GLD": 0.3,
        "IWM": 0.3,
        "SPY": 0.3
      }
    },
    {
      "exposure": 0.8999999999999999,
      "timestamp": "2024-02-13",
      "weights": {
        "GLD": 0.3,
        "IWM": 0.3,
        "SPY": 0.3
      }
    },
    {
      "exposure": 0.8999999999999999,
      "timestamp": "2024-02-14",
      "weights": {
        "GLD": 0.3,
        "IWM": 0.3,
        "SPY": 0.3
      }
    },
    {
      "exposure": 0.8999999999999999,
      "timestamp": "2024-02-15",
      "weights": {
        "GLD": 0.3,
        "IWM": 0.3,
        "SPY": 0.3
      }
    },
    {
      "exposure": 0.8999999999999999,
      "timestamp": "2024-02-16",
      "weights": {
        "GLD": 0.3,
        "IWM": 0.3,
        "SPY": 0.3
      }
    },
    {
      "exposure": 0.8999999999999999,